algorithm,seed,generation,best_fitness
GA,0,0,3701.7455921734013
GA,0,1,3632.632498647813
GA,0,2,3632.632498647813
GA,0,3,3632.632498647813
GA,0,4,3632.0279406796326
GA,0,5,3461.718532866964
GA,0,6,3461.718532866964
GA,0,7,3457.6093927609254
GA,0,8,3452.748227652046
GA,0,9,3448.850098068113
GA,0,10,3382.4020638898182
GA,0,11,3382.4020638898182
GA,0,12,3371.6210065515374
GA,0,13,3371.6210065515374
GA,0,14,3371.6210065515374
GA,0,15,3370.1336889531126
GA,0,16,3370.1336889531126
GA,0,17,3370.1336889531126
GA,0,18,3370.1336889531126
GA,0,19,3370.1336889531126
GA,0,20,3355.7066611126775
GA,0,21,3355.7066611126775
GA,0,22,3355.7066611126775
GA,0,23,3355.7066611126775
GA,0,24,3351.0760663534115
GA,0,25,3349.6604482277867
GA,0,26,3349.6604482277867
GA,0,27,3349.6604482277867
GA,0,28,3349.6604482277867
GA,0,29,3349.6604482277867
GA,0,30,3346.1214306638485
GA,0,31,3346.1214306638485
GA,0,32,3346.1214306638485
GA,0,33,3346.1214306638485
GA,0,34,3346.1214306638485
GA,0,35,3346.1214306638485
GA,0,36,3346.1214306638485
GA,0,37,3346.1214306638485
GA,0,38,3346.1214306638485
GA,0,39,3346.1214306638485
GA,0,40,3346.1214306638485
GA,0,41,3346.1214306638485
GA,0,42,3345.42033524792
GA,0,43,3330.986777834826
GA,0,44,3327.6779460732537
GA,0,45,3327.6779460732537
GA,0,46,3327.3936365509717
GA,0,47,3313.2509182328185
GA,0,48,3313.2509182328185
GA,0,49,3313.2509182328185
GA,1,0,3670.9783822168633
GA,1,1,3666.9364029573753
GA,1,2,3666.9364029573753
GA,1,3,3666.9364029573753
GA,1,4,3666.052205415334
GA,1,5,3663.1547848284345
GA,1,6,3663.1547848284345
GA,1,7,3654.453931807975
GA,1,8,3650.375428831402
GA,1,9,3650.375428831402
GA,1,10,3650.375428831402
GA,1,11,3643.60333889549
GA,1,12,3643.60333889549
GA,1,13,3643.60333889549
GA,1,14,3642.8441682814187
GA,1,15,3641.9925885067405
GA,1,16,3641.9925885067405
GA,1,17,3641.9925885067405
GA,1,18,3641.251851490664
GA,1,19,3641.251851490664
GA,1,20,3640.1730203563448
GA,1,21,3640.1730203563448
GA,1,22,3626.1881770803834
GA,1,23,3626.1881770803834
GA,1,24,3626.1881770803834
GA,1,25,3626.1881770803834
GA,1,26,3626.1881770803834
GA,1,27,3626.054469533183
GA,1,28,3624.598496697824
GA,1,29,3624.598496697824
GA,1,30,3624.598496697824
GA,1,31,3615.507530057583
GA,1,32,3615.507530057583
GA,1,33,3615.507530057583
GA,1,34,3615.507530057583
GA,1,35,3613.719992468066
GA,1,36,3517.048325237305
GA,1,37,3517.048325237305
GA,1,38,3517.048325237305
GA,1,39,3515.974372741369
GA,1,40,3513.1455495649348
GA,1,41,3513.1455495649348
GA,1,42,3510.850021317367
GA,1,43,3510.850021317367
GA,1,44,3510.74343968561
GA,1,45,3510.74343968561
GA,1,46,3507.7536308696986
GA,1,47,3507.7536308696986
GA,1,48,3507.7536308696986
GA,1,49,3507.7536308696986
GA,2,0,3621.1585372420614
GA,2,1,3621.1585372420614
GA,2,2,3430.287129621716
GA,2,3,3428.0890713020326
GA,2,4,3419.6595823244747
GA,2,5,3419.6595823244747
GA,2,6,3411.9986451836894
GA,2,7,3411.9986451836894
GA,2,8,3411.9986451836894
GA,2,9,3411.9986451836894
GA,2,10,3410.5934881760772
GA,2,11,3410.5934881760772
GA,2,12,3408.105141815358
GA,2,13,3408.105141815358
GA,2,14,3408.105141815358
GA,2,15,3408.105141815358
GA,2,16,3408.105141815358
GA,2,17,3408.105141815358
GA,2,18,3408.105141815358
GA,2,19,3408.105141815358
GA,2,20,3405.2039643190237
GA,2,21,3405.2039643190237
GA,2,22,3405.2039643190237
GA,2,23,3405.2039643190237
GA,2,24,3405.2039643190237
GA,2,25,3405.2039643190237
GA,2,26,3405.2039643190237
GA,2,27,3405.2039643190237
GA,2,28,3405.2039643190237
GA,2,29,3405.2039643190237
GA,2,30,3405.2039643190237
GA,2,31,3405.2039643190237
GA,2,32,3405.2039643190237
GA,2,33,3405.2039643190237
GA,2,34,3405.2039643190237
GA,2,35,3405.2039643190237
GA,2,36,3405.2039643190237
GA,2,37,3405.2039643190237
GA,2,38,3405.2039643190237
GA,2,39,3405.2039643190237
GA,2,40,3405.2039643190237
GA,2,41,3405.2039643190237
GA,2,42,3405.2039643190237
GA,2,43,3405.2039643190237
GA,2,44,3405.2039643190237
GA,2,45,3405.2039643190237
GA,2,46,3405.2039643190237
GA,2,47,3391.9770774574754
GA,2,48,3391.9770774574754
GA,2,49,3391.9770774574754
GA,3,0,4019.719340701575
GA,3,1,3768.992437952171
GA,3,2,3751.254674247839
GA,3,3,3751.254674247839
GA,3,4,3750.502675242516
GA,3,5,3693.519129172396
GA,3,6,3686.3954695903
GA,3,7,3686.3954695903
GA,3,8,3686.3954695903
GA,3,9,3686.3954695903
GA,3,10,3470.8221865736427
GA,3,11,3470.790360635602
GA,3,12,3470.790360635602
GA,3,13,3470.790360635602
GA,3,14,3428.548330813778
GA,3,15,3428.548330813778
GA,3,16,3428.548330813778
GA,3,17,3426.8003813446517
GA,3,18,3426.7480477372483
GA,3,19,3426.7480477372483
GA,3,20,3426.7480477372483
GA,3,21,3407.6849644626054
GA,3,22,3407.6849644626054
GA,3,23,3405.4305397376224
GA,3,24,3404.5939841377444
GA,3,25,3404.5939841377444
GA,3,26,3404.5939841377444
GA,3,27,3403.3930152724065
GA,3,28,3362.4011601397306
GA,3,29,3362.4011601397306
GA,3,30,3362.4011601397306
GA,3,31,3362.4011601397306
GA,3,32,3359.32825339382
GA,3,33,3359.32825339382
GA,3,34,3353.4267891734057
GA,3,35,3350.709524324459
GA,3,36,3350.709524324459
GA,3,37,3350.709524324459
GA,3,38,3350.709524324459
GA,3,39,3350.709524324459
GA,3,40,3350.709524324459
GA,3,41,3349.5062904462916
GA,3,42,3349.5062904462916
GA,3,43,3349.5062904462916
GA,3,44,3325.3990220102687
GA,3,45,3325.3990220102687
GA,3,46,3325.3990220102687
GA,3,47,3325.3990220102687
GA,3,48,3325.3990220102687
GA,3,49,3325.3990220102687
GA,4,0,3627.287965038768
GA,4,1,3478.096450068398
GA,4,2,3478.096450068398
GA,4,3,3361.3701963531057
GA,4,4,3353.1069654814305
GA,4,5,3344.6020234104794
GA,4,6,3344.6020234104794
GA,4,7,3344.6020234104794
GA,4,8,3344.6020234104794
GA,4,9,3321.0453889454975
GA,4,10,3321.0453889454975
GA,4,11,3321.0453889454975
GA,4,12,3321.0453889454975
GA,4,13,3296.6069989655666
GA,4,14,3296.6069989655666
GA,4,15,3238.6960381630442
GA,4,16,3223.2171539577057
GA,4,17,3223.2171539577057
GA,4,18,3223.2171539577057
GA,4,19,3220.7437121549037
GA,4,20,3220.7437121549037
GA,4,21,3220.7437121549037
GA,4,22,3220.6659643371004
GA,4,23,3218.1238987905326
GA,4,24,3218.1238987905326
GA,4,25,3218.1238987905326
GA,4,26,3218.1238987905326
GA,4,27,3218.1238987905326
GA,4,28,3218.1238987905326
GA,4,29,3218.1238987905326
GA,4,30,3217.989941929925
GA,4,31,3215.2950018632787
GA,4,32,3215.2950018632787
GA,4,33,3215.2950018632787
GA,4,34,3215.2950018632787
GA,4,35,3215.2950018632787
GA,4,36,3215.2950018632787
GA,4,37,3215.2950018632787
GA,4,38,3215.2950018632787
GA,4,39,3215.2950018632787
GA,4,40,3215.2950018632787
GA,4,41,3215.2950018632787
GA,4,42,3215.2950018632787
GA,4,43,3215.2950018632787
GA,4,44,3215.2950018632787
GA,4,45,3215.2950018632787
GA,4,46,3215.2950018632787
GA,4,47,3215.2950018632787
GA,4,48,3215.2950018632787
GA,4,49,3215.2950018632787
GA,5,0,4814.871079694907
GA,5,1,4337.763303045231
GA,5,2,3919.547984421736
GA,5,3,3688.3461840937916
GA,5,4,3688.3461840937916
GA,5,5,3685.632590449728
GA,5,6,3627.3852426533085
GA,5,7,3627.3852426533085
GA,5,8,3627.3852426533085
GA,5,9,3627.3852426533085
GA,5,10,3623.9830195855284
GA,5,11,3623.9830195855284
GA,5,12,3622.9628716992033
GA,5,13,3622.9628716992033
GA,5,14,3622.721396996224
GA,5,15,3622.721396996224
GA,5,16,3622.721396996224
GA,5,17,3622.721396996224
GA,5,18,3622.721396996224
GA,5,19,3622.721396996224
GA,5,20,3622.721396996224
GA,5,21,3622.721396996224
GA,5,22,3622.721396996224
GA,5,23,3622.721396996224
GA,5,24,3622.721396996224
GA,5,25,3619.6022920581454
GA,5,26,3619.6022920581454
GA,5,27,3619.6022920581454
GA,5,28,3617.806793794672
GA,5,29,3617.806793794672
GA,5,30,3616.999812669264
GA,5,31,3616.999812669264
GA,5,32,3616.999812669264
GA,5,33,3616.999812669264
GA,5,34,3616.999812669264
GA,5,35,3616.999812669264
GA,5,36,3616.999812669264
GA,5,37,3616.999812669264
GA,5,38,3616.778949760559
GA,5,39,3616.778949760559
GA,5,40,3616.6517780514228
GA,5,41,3616.6517780514228
GA,5,42,3616.6517780514228
GA,5,43,3614.448289539208
GA,5,44,3613.93308203166
GA,5,45,3613.6156313892916
GA,5,46,3613.4884596801553
GA,5,47,3613.4884596801553
GA,5,48,3613.4884596801553
GA,5,49,3613.4884596801553
GA,6,0,3911.592361931393
GA,6,1,3911.592361931393
GA,6,2,3623.128664522233
GA,6,3,3623.128664522233
GA,6,4,3623.128664522233
GA,6,5,3609.2003540682895
GA,6,6,3602.8122929635424
GA,6,7,3602.8122929635424
GA,6,8,3602.8122929635424
GA,6,9,3599.025370974279
GA,6,10,3599.025370974279
GA,6,11,3599.025370974279
GA,6,12,3597.27516249822
GA,6,13,3597.27516249822
GA,6,14,3597.27516249822
GA,6,15,3597.27516249822
GA,6,16,3595.019420991166
GA,6,17,3595.019420991166
GA,6,18,3595.019420991166
GA,6,19,3595.019420991166
GA,6,20,3595.019420991166
GA,6,21,3595.019420991166
GA,6,22,3595.019420991166
GA,6,23,3595.019420991166
GA,6,24,3593.8305747313125
GA,6,25,3593.8305747313125
GA,6,26,3593.8305747313125
GA,6,27,3592.1736103293656
GA,6,28,3592.1736103293656
GA,6,29,3592.1736103293656
GA,6,30,3591.21958513916
GA,6,31,3591.21958513916
GA,6,32,3452.9899963165553
GA,6,33,3446.8918445074314
GA,6,34,3446.8918445074314
GA,6,35,3446.8918445074314
GA,6,36,3446.8918445074314
GA,6,37,3446.8918445074314
GA,6,38,3446.8918445074314
GA,6,39,3446.8918445074314
GA,6,40,3446.3602263056414
GA,6,41,3446.3602263056414
GA,6,42,3443.8908452901514
GA,6,43,3443.8908452901514
GA,6,44,3443.2818090246246
GA,6,45,3443.2818090246246
GA,6,46,3443.2818090246246
GA,6,47,3443.2818090246246
GA,6,48,3443.2818090246246
GA,6,49,3443.2818090246246
GA,7,0,4364.462656414353
GA,7,1,4364.4581785433365
GA,7,2,4344.381499872918
GA,7,3,4060.5107996878232
GA,7,4,4060.5107996878232
GA,7,5,3817.284913179771
GA,7,6,3810.6210805505816
GA,7,7,3810.6210805505816
GA,7,8,3810.6210805505816
GA,7,9,3804.7492967661874
GA,7,10,3804.7492967661874
GA,7,11,3610.7052284403044
GA,7,12,3610.7052284403044
GA,7,13,3607.075802658722
GA,7,14,3375.3697761362528
GA,7,15,3375.3697761362528
GA,7,16,3375.3697761362528
GA,7,17,3375.3697761362528
GA,7,18,3321.0565185303385
GA,7,19,3311.4697027175175
GA,7,20,3311.4697027175175
GA,7,21,3304.591308580644
GA,7,22,3304.591308580644
GA,7,23,3304.591308580644
GA,7,24,3304.591308580644
GA,7,25,3303.59741485434
GA,7,26,3303.59741485434
GA,7,27,3291.9890008524735
GA,7,28,3291.9890008524735
GA,7,29,3291.9890008524735
GA,7,30,3291.9890008524735
GA,7,31,3291.9890008524735
GA,7,32,3291.9890008524735
GA,7,33,3291.9890008524735
GA,7,34,3291.9890008524735
GA,7,35,3291.9890008524735
GA,7,36,3291.9890008524735
GA,7,37,3285.325168223284
GA,7,38,3285.325168223284
GA,7,39,3285.325168223284
GA,7,40,3263.4882932376563
GA,7,41,3263.4882932376563
GA,7,42,3263.4882932376563
GA,7,43,3263.4882932376563
GA,7,44,3263.4882932376563
GA,7,45,3263.4882932376563
GA,7,46,3263.4882932376563
GA,7,47,3263.4882932376563
GA,7,48,3263.4882932376563
GA,7,49,3263.4882932376563
GA,8,0,3873.654346896977
GA,8,1,3804.117724570517
GA,8,2,3804.117724570517
GA,8,3,3790.726588099523
GA,8,4,3697.400162947985
GA,8,5,3697.400162947985
GA,8,6,3697.400162947985
GA,8,7,3555.5136787820265
GA,8,8,3462.2591939106615
GA,8,9,3462.2591939106615
GA,8,10,3462.2591939106615
GA,8,11,3379.331435113207
GA,8,12,3379.331435113207
GA,8,13,3379.331435113207
GA,8,14,3379.331435113207
GA,8,15,3369.0601437513237
GA,8,16,3369.0601437513237
GA,8,17,3367.0121976660757
GA,8,18,3365.2603915505033
GA,8,19,3365.2603915505033
GA,8,20,3361.7049497343864
GA,8,21,3360.518328710349
GA,8,22,3360.518328710349
GA,8,23,3360.518328710349
GA,8,24,3359.365580589856
GA,8,25,3359.365580589856
GA,8,26,3359.365580589856
GA,8,27,3356.266944369777
GA,8,28,3356.266944369777
GA,8,29,3356.266944369777
GA,8,30,3356.266944369777
GA,8,31,3356.266944369777
GA,8,32,3356.266944369777
GA,8,33,3356.266944369777
GA,8,34,3356.266944369777
GA,8,35,3356.266944369777
GA,8,36,3356.266944369777
GA,8,37,3356.266944369777
GA,8,38,3351.5242501513676
GA,8,39,3351.4133140902454
GA,8,40,3351.4133140902454
GA,8,41,3351.4133140902454
GA,8,42,3351.4133140902454
GA,8,43,3351.4133140902454
GA,8,44,3351.4133140902454
GA,8,45,3351.4133140902454
GA,8,46,3351.4133140902454
GA,8,47,3351.2797130077115
GA,8,48,3351.2797130077115
GA,8,49,3348.9323572895755
GA,9,0,3601.1597443558567
GA,9,1,3601.1597443558567
GA,9,2,3601.1597443558567
GA,9,3,3600.970806182163
GA,9,4,3490.7336198899416
GA,9,5,3490.7336198899416
GA,9,6,3479.7550754160256
GA,9,7,3465.905219632058
GA,9,8,3465.905219632058
GA,9,9,3459.518891243145
GA,9,10,3459.518891243145
GA,9,11,3458.032916183048
GA,9,12,3457.699440692582
GA,9,13,3457.699440692582
GA,9,14,3457.6897948559917
GA,9,15,3457.6897948559917
GA,9,16,3457.4861949212977
GA,9,17,3455.6494508089804
GA,9,18,3455.6494508089804
GA,9,19,3455.6494508089804
GA,9,20,3455.6494508089804
GA,9,21,3455.6494508089804
GA,9,22,3455.6494508089804
GA,9,23,3455.6494508089804
GA,9,24,3455.6494508089804
GA,9,25,3455.6494508089804
GA,9,26,3455.6494508089804
GA,9,27,3455.6494508089804
GA,9,28,3455.6494508089804
GA,9,29,3455.6494508089804
GA,9,30,3455.6494508089804
GA,9,31,3454.7766538540427
GA,9,32,3454.7766538540427
GA,9,33,3454.7766538540427
GA,9,34,3454.7766538540427
GA,9,35,3452.8844555202127
GA,9,36,3452.8844555202127
GA,9,37,3452.8844555202127
GA,9,38,3452.8844555202127
GA,9,39,3452.8844555202127
GA,9,40,3452.8844555202127
GA,9,41,3452.8844555202127
GA,9,42,3452.8844555202127
GA,9,43,3452.8844555202127
GA,9,44,3452.8844555202127
GA,9,45,3452.8844555202127
GA,9,46,3452.8844555202127
GA,9,47,3452.8844555202127
GA,9,48,3452.8844555202127
GA,9,49,3452.8844555202127
SA,0,0,3818.9007235683293
SA,0,1,3814.6283441887126
SA,0,2,3592.892748393103
SA,0,3,3588.5735307643263
SA,0,4,3586.2468294846676
SA,0,5,3538.5680817869084
SA,0,6,3538.5680817869084
SA,0,7,3528.119867453518
SA,0,8,3513.60217385271
SA,0,9,3513.60217385271
SA,0,10,3513.60217385271
SA,0,11,3513.60217385271
SA,0,12,3513.60217385271
SA,0,13,3513.60217385271
SA,0,14,3513.60217385271
SA,0,15,3513.60217385271
SA,0,16,3513.60217385271
SA,0,17,3513.60217385271
SA,0,18,3513.60217385271
SA,0,19,3513.60217385271
SA,0,20,3513.60217385271
SA,0,21,3513.60217385271
SA,0,22,3510.1078336080313
SA,0,23,3510.1078336080313
SA,0,24,3510.1078336080313
SA,0,25,3510.1078336080313
SA,0,26,3510.1078336080313
SA,0,27,3510.1078336080313
SA,0,28,3510.1078336080313
SA,0,29,3510.1078336080313
SA,0,30,3474.5442755637487
SA,0,31,3472.117328992092
SA,0,32,3470.6907313720944
SA,0,33,3468.8156580446857
SA,0,34,3464.079167497653
SA,0,35,3460.608473757355
SA,0,36,3459.0666686516324
SA,0,37,3459.0666686516324
SA,0,38,3459.0666686516324
SA,0,39,3459.0666686516324
SA,0,40,3459.0666686516324
SA,0,41,3456.8611155768695
SA,0,42,3456.2230435635406
SA,0,43,3456.2230435635406
SA,0,44,3456.2230435635406
SA,0,45,3456.2230435635406
SA,0,46,3456.2230435635406
SA,0,47,3456.2230435635406
SA,0,48,3456.2230435635406
SA,0,49,3456.2230435635406
SA,1,0,3870.650333974744
SA,1,1,3866.6849083519583
SA,1,2,3866.6849083519583
SA,1,3,3862.48777115026
SA,1,4,3824.4598523126333
SA,1,5,3824.4598523126333
SA,1,6,3824.4598523126333
SA,1,7,3798.5054425616227
SA,1,8,3685.0221076418056
SA,1,9,3685.0221076418056
SA,1,10,3604.8757635436755
SA,1,11,3601.342819269242
SA,1,12,3601.342819269242
SA,1,13,3601.342819269242
SA,1,14,3601.342819269242
SA,1,15,3601.342819269242
SA,1,16,3601.342819269242
SA,1,17,3590.576607569929
SA,1,18,3590.576607569929
SA,1,19,3453.106726017156
SA,1,20,3444.950173337872
SA,1,21,3358.064783329358
SA,1,22,3310.672904310978
SA,1,23,3310.672904310978
SA,1,24,3310.672904310978
SA,1,25,3310.672904310978
SA,1,26,3305.931426678465
SA,1,27,3305.931426678465
SA,1,28,3305.931426678465
SA,1,29,3305.931426678465
SA,1,30,3305.931426678465
SA,1,31,3305.931426678465
SA,1,32,3305.931426678465
SA,1,33,3305.931426678465
SA,1,34,3305.931426678465
SA,1,35,3305.931426678465
SA,1,36,3305.931426678465
SA,1,37,3305.931426678465
SA,1,38,3305.931426678465
SA,1,39,3305.931426678465
SA,1,40,3305.931426678465
SA,1,41,3305.931426678465
SA,1,42,3305.931426678465
SA,1,43,3305.931426678465
SA,1,44,3305.931426678465
SA,1,45,3305.931426678465
SA,1,46,3305.931426678465
SA,1,47,3305.931426678465
SA,1,48,3305.931426678465
SA,1,49,3305.931426678465
SA,2,0,4714.495858791521
SA,2,1,4149.299456894029
SA,2,2,4128.304965984682
SA,2,3,3985.153053091804
SA,2,4,3879.8343501547747
SA,2,5,3879.5587140162033
SA,2,6,3865.796418591861
SA,2,7,3865.796418591861
SA,2,8,3850.573053257004
SA,2,9,3840.187879826025
SA,2,10,3840.187879826025
SA,2,11,3462.0976324648645
SA,2,12,3462.0976324648645
SA,2,13,3462.0976324648645
SA,2,14,3462.0976324648645
SA,2,15,3462.0976324648645
SA,2,16,3462.0976324648645
SA,2,17,3462.0976324648645
SA,2,18,3462.0976324648645
SA,2,19,3462.0976324648645
SA,2,20,3455.8957519786013
SA,2,21,3263.7462361640155
SA,2,22,3263.691360163038
SA,2,23,3263.691360163038
SA,2,24,3263.691360163038
SA,2,25,3263.691360163038
SA,2,26,3262.2753915508983
SA,2,27,3262.2753915508983
SA,2,28,3262.2753915508983
SA,2,29,3262.2753915508983
SA,2,30,3262.2753915508983
SA,2,31,3262.2753915508983
SA,2,32,3262.2753915508983
SA,2,33,3262.2753915508983
SA,2,34,3262.2753915508983
SA,2,35,3262.2753915508983
SA,2,36,3262.2753915508983
SA,2,37,3262.2753915508983
SA,2,38,3262.2753915508983
SA,2,39,3262.2753915508983
SA,2,40,3262.2753915508983
SA,2,41,3262.2753915508983
SA,2,42,3262.2753915508983
SA,2,43,3262.2753915508983
SA,2,44,3262.2753915508983
SA,2,45,3253.4770096997127
SA,2,46,3253.4770096997127
SA,2,47,3238.5095480149425
SA,2,48,3238.5095480149425
SA,2,49,3238.5095480149425
SA,3,0,4462.521511814284
SA,3,1,3745.3289273951777
SA,3,2,3425.1960631253837
SA,3,3,3422.0742207070016
SA,3,4,3422.0742207070016
SA,3,5,3422.0742207070016
SA,3,6,3343.5130537824275
SA,3,7,3343.5130537824275
SA,3,8,3339.7566204119166
SA,3,9,3337.133149273206
SA,3,10,3334.414797873018
SA,3,11,3270.7256372584015
SA,3,12,3270.7256372584015
SA,3,13,3270.7256372584015
SA,3,14,3270.7256372584015
SA,3,15,3270.7256372584015
SA,3,16,3270.7256372584015
SA,3,17,3270.7256372584015
SA,3,18,3270.7256372584015
SA,3,19,3270.7256372584015
SA,3,20,3270.7256372584015
SA,3,21,3270.7256372584015
SA,3,22,3269.5726036976116
SA,3,23,3269.5726036976116
SA,3,24,3269.5726036976116
SA,3,25,3269.5726036976116
SA,3,26,3269.5726036976116
SA,3,27,3269.5726036976116
SA,3,28,3269.5726036976116
SA,3,29,3269.5726036976116
SA,3,30,3269.5726036976116
SA,3,31,3269.5726036976116
SA,3,32,3269.5726036976116
SA,3,33,3269.5726036976116
SA,3,34,3269.5726036976116
SA,3,35,3269.5726036976116
SA,3,36,3269.5726036976116
SA,3,37,3269.5726036976116
SA,3,38,3269.5726036976116
SA,3,39,3269.5726036976116
SA,3,40,3269.5726036976116
SA,3,41,3269.5726036976116
SA,3,42,3269.5726036976116
SA,3,43,3269.5726036976116
SA,3,44,3269.5726036976116
SA,3,45,3269.5726036976116
SA,3,46,3269.5726036976116
SA,3,47,3269.5726036976116
SA,3,48,3269.5726036976116
SA,3,49,3269.5726036976116
SA,4,0,4962.419501418932
SA,4,1,4325.413873604361
SA,4,2,3935.201120127378
SA,4,3,3784.6626817840456
SA,4,4,3784.6626817840456
SA,4,5,3784.6626817840456
SA,4,6,3784.6626817840456
SA,4,7,3784.6626817840456
SA,4,8,3784.6626817840456
SA,4,9,3544.124708343448
SA,4,10,3537.9729214064955
SA,4,11,3534.659321807466
SA,4,12,3533.2709135735895
SA,4,13,3533.2709135735895
SA,4,14,3464.297516952341
SA,4,15,3464.297516952341
SA,4,16,3457.701738933349
SA,4,17,3457.2034397489815
SA,4,18,3457.2034397489815
SA,4,19,3297.985037327295
SA,4,20,3268.6427071573057
SA,4,21,3268.1807922959047
SA,4,22,3268.1807922959047
SA,4,23,3268.1807922959047
SA,4,24,3266.9461466574794
SA,4,25,3266.9461466574794
SA,4,26,3266.6213844509707
SA,4,27,3266.6213844509707
SA,4,28,3263.1316545278555
SA,4,29,3263.1316545278555
SA,4,30,3263.1316545278555
SA,4,31,3263.1316545278555
SA,4,32,3263.1316545278555
SA,4,33,3262.6705873729125
SA,4,34,3260.6243547027493
SA,4,35,3260.6243547027493
SA,4,36,3260.6243547027493
SA,4,37,3260.6243547027493
SA,4,38,3260.6243547027493
SA,4,39,3260.6243547027493
SA,4,40,3260.6243547027493
SA,4,41,3260.6243547027493
SA,4,42,3260.6243547027493
SA,4,43,3260.6243547027493
SA,4,44,3260.6243547027493
SA,4,45,3260.6243547027493
SA,4,46,3260.6243547027493
SA,4,47,3260.6243547027493
SA,4,48,3260.6243547027493
SA,4,49,3213.3944544954084
SA,5,0,4501.932421558129
SA,5,1,3539.2631834664094
SA,5,2,3401.516744685364
SA,5,3,3401.516744685364
SA,5,4,3401.516744685364
SA,5,5,3401.516744685364
SA,5,6,3401.516744685364
SA,5,7,3401.516744685364
SA,5,8,3401.516744685364
SA,5,9,3398.206539857697
SA,5,10,3398.206539857697
SA,5,11,3398.206539857697
SA,5,12,3398.206539857697
SA,5,13,3398.206539857697
SA,5,14,3398.206539857697
SA,5,15,3381.0706401903412
SA,5,16,3360.229542371734
SA,5,17,3345.662582190036
SA,5,18,3345.662582190036
SA,5,19,3341.5535402971236
SA,5,20,3341.5535402971236
SA,5,21,3341.5535402971236
SA,5,22,3338.7600747033684
SA,5,23,3338.7600747033684
SA,5,24,3338.7600747033684
SA,5,25,3338.7600747033684
SA,5,26,3338.7600747033684
SA,5,27,3338.7600747033684
SA,5,28,3338.7600747033684
SA,5,29,3338.7600747033684
SA,5,30,3334.9256373092217
SA,5,31,3327.673184165965
SA,5,32,3311.5411888972385
SA,5,33,3311.5411888972385
SA,5,34,3311.1097924874102
SA,5,35,3309.9882136366755
SA,5,36,3309.76249395231
SA,5,37,3309.76249395231
SA,5,38,3309.76249395231
SA,5,39,3309.76249395231
SA,5,40,3309.76249395231
SA,5,41,3309.76249395231
SA,5,42,3309.76249395231
SA,5,43,3309.76249395231
SA,5,44,3309.76249395231
SA,5,45,3309.76249395231
SA,5,46,3309.76249395231
SA,5,47,3309.76249395231
SA,5,48,3309.76249395231
SA,5,49,3309.76249395231
SA,6,0,4634.239025439422
SA,6,1,4633.200979550599
SA,6,2,3436.4522591126915
SA,6,3,3359.0798536871816
SA,6,4,3353.995161712629
SA,6,5,3352.4235736905766
SA,6,6,3347.537924872364
SA,6,7,3347.537924872364
SA,6,8,3347.537924872364
SA,6,9,3347.537924872364
SA,6,10,3347.537924872364
SA,6,11,3347.537924872364
SA,6,12,3347.537924872364
SA,6,13,3347.537924872364
SA,6,14,3347.537924872364
SA,6,15,3347.537924872364
SA,6,16,3347.537924872364
SA,6,17,3347.537924872364
SA,6,18,3347.537924872364
SA,6,19,3347.537924872364
SA,6,20,3347.537924872364
SA,6,21,3347.537924872364
SA,6,22,3347.537924872364
SA,6,23,3347.537924872364
SA,6,24,3347.537924872364
SA,6,25,3347.537924872364
SA,6,26,3347.537924872364
SA,6,27,3347.537924872364
SA,6,28,3347.537924872364
SA,6,29,3347.537924872364
SA,6,30,3347.537924872364
SA,6,31,3347.537924872364
SA,6,32,3347.537924872364
SA,6,33,3347.537924872364
SA,6,34,3347.537924872364
SA,6,35,3347.537924872364
SA,6,36,3347.537924872364
SA,6,37,3347.537924872364
SA,6,38,3347.537924872364
SA,6,39,3347.537924872364
SA,6,40,3347.537924872364
SA,6,41,3347.537924872364
SA,6,42,3347.537924872364
SA,6,43,3347.537924872364
SA,6,44,3347.537924872364
SA,6,45,3347.537924872364
SA,6,46,3347.537924872364
SA,6,47,3249.1360309615693
SA,6,48,3213.7331227869804
SA,6,49,3198.9324209237975
SA,7,0,4148.813139675265
SA,7,1,4049.0668305672343
SA,7,2,3964.9261382711684
SA,7,3,3930.9583335256784
SA,7,4,3930.9583335256784
SA,7,5,3584.7916122858014
SA,7,6,3501.769320077835
SA,7,7,3454.1814977532754
SA,7,8,3454.1814977532754
SA,7,9,3418.6273761126577
SA,7,10,3405.73149771127
SA,7,11,3405.73149771127
SA,7,12,3405.73149771127
SA,7,13,3405.73149771127
SA,7,14,3405.73149771127
SA,7,15,3405.73149771127
SA,7,16,3342.3183172118793
SA,7,17,3333.001947566312
SA,7,18,3330.544105303359
SA,7,19,3328.9335708241015
SA,7,20,3328.9335708241015
SA,7,21,3328.9335708241015
SA,7,22,3328.84765673722
SA,7,23,3326.7710872904054
SA,7,24,3326.7710872904054
SA,7,25,3326.7710872904054
SA,7,26,3326.7710872904054
SA,7,27,3326.7710872904054
SA,7,28,3326.7710872904054
SA,7,29,3326.7710872904054
SA,7,30,3326.7710872904054
SA,7,31,3326.7710872904054
SA,7,32,3326.7710872904054
SA,7,33,3326.7710872904054
SA,7,34,3326.7710872904054
SA,7,35,3326.7710872904054
SA,7,36,3326.7710872904054
SA,7,37,3326.7710872904054
SA,7,38,3326.7710872904054
SA,7,39,3326.7710872904054
SA,7,40,3326.7710872904054
SA,7,41,3326.7710872904054
SA,7,42,3326.7710872904054
SA,7,43,3326.7710872904054
SA,7,44,3326.7710872904054
SA,7,45,3326.7710872904054
SA,7,46,3326.7710872904054
SA,7,47,3326.7710872904054
SA,7,48,3326.7710872904054
SA,7,49,3326.7710872904054
SA,8,0,3900.843761626009
SA,8,1,3636.341276120994
SA,8,2,3605.305495931852
SA,8,3,3600.663563172012
SA,8,4,3600.663563172012
SA,8,5,3539.405822264148
SA,8,6,3448.1857544125
SA,8,7,3448.1857544125
SA,8,8,3448.1857544125
SA,8,9,3448.1857544125
SA,8,10,3354.5633248891363
SA,8,11,3338.958226346526
SA,8,12,3334.1810550267414
SA,8,13,3308.804744079222
SA,8,14,3267.5593084503857
SA,8,15,3267.5593084503857
SA,8,16,3267.5593084503857
SA,8,17,3267.5593084503857
SA,8,18,3267.5593084503857
SA,8,19,3267.5593084503857
SA,8,20,3267.5593084503857
SA,8,21,3267.5593084503857
SA,8,22,3266.179345285557
SA,8,23,3266.179345285557
SA,8,24,3266.179345285557
SA,8,25,3266.179345285557
SA,8,26,3266.179345285557
SA,8,27,3266.179345285557
SA,8,28,3266.179345285557
SA,8,29,3266.179345285557
SA,8,30,3265.2328290884084
SA,8,31,3264.6110054757646
SA,8,32,3264.6110054757646
SA,8,33,3264.6110054757646
SA,8,34,3264.6110054757646
SA,8,35,3258.6580031930707
SA,8,36,3258.6580031930707
SA,8,37,3258.6580031930707
SA,8,38,3258.6580031930707
SA,8,39,3258.6580031930707
SA,8,40,3258.6580031930707
SA,8,41,3258.6580031930707
SA,8,42,3258.6580031930707
SA,8,43,3258.6580031930707
SA,8,44,3258.6580031930707
SA,8,45,3258.6580031930707
SA,8,46,3258.0481813808456
SA,8,47,3258.0481813808456
SA,8,48,3258.0481813808456
SA,8,49,3258.0481813808456
SA,9,0,4478.322245515669
SA,9,1,3995.54280696586
SA,9,2,3992.528783297357
SA,9,3,3846.5967799871596
SA,9,4,3618.0543472409286
SA,9,5,3530.4520013566907
SA,9,6,3511.0313673256933
SA,9,7,3501.1855459188137
SA,9,8,3496.544406513429
SA,9,9,3496.544406513429
SA,9,10,3496.544406513429
SA,9,11,3351.1741190544763
SA,9,12,3351.1741190544763
SA,9,13,3351.1741190544763
SA,9,14,3351.1741190544763
SA,9,15,3316.79235368823
SA,9,16,3314.609806986755
SA,9,17,3314.609806986755
SA,9,18,3314.609806986755
SA,9,19,3311.779096954254
SA,9,20,3311.779096954254
SA,9,21,3311.779096954254
SA,9,22,3311.779096954254
SA,9,23,3311.779096954254
SA,9,24,3311.779096954254
SA,9,25,3311.754737726352
SA,9,26,3311.754737726352
SA,9,27,3311.754737726352
SA,9,28,3311.05646259895
SA,9,29,3294.525878754149
SA,9,30,3294.525878754149
SA,9,31,3287.9707933993027
SA,9,32,3287.9707933993027
SA,9,33,3287.9707933993027
SA,9,34,3287.9707933993027
SA,9,35,3287.9707933993027
SA,9,36,3287.9707933993027
SA,9,37,3287.9707933993027
SA,9,38,3286.991679277814
SA,9,39,3286.991679277814
SA,9,40,3286.991679277814
SA,9,41,3286.991679277814
SA,9,42,3286.991679277814
SA,9,43,3286.991679277814
SA,9,44,3282.9567394802725
SA,9,45,3282.9567394802725
SA,9,46,3281.4025565928405
SA,9,47,3281.4025565928405
SA,9,48,3280.0355957291194
SA,9,49,3279.559981933143
QGA,0,0,3712.3186768971154
QGA,0,1,3712.3186768971154
QGA,0,2,3712.3186768971154
QGA,0,3,3498.2903767448156
QGA,0,4,3498.2903767448156
QGA,0,5,3498.2903767448156
QGA,0,6,3498.2903767448156
QGA,0,7,3498.2903767448156
QGA,0,8,3498.2903767448156
QGA,0,9,3478.5933864620915
QGA,0,10,3478.5933864620915
QGA,0,11,3435.9585271804294
QGA,0,12,3422.52209284568
QGA,0,13,3404.285622037169
QGA,0,14,3404.285622037169
QGA,0,15,3404.285622037169
QGA,0,16,3404.285622037169
QGA,0,17,3378.327741619322
QGA,0,18,3378.327741619322
QGA,0,19,3378.327741619322
QGA,0,20,3378.327741619322
QGA,0,21,3378.327741619322
QGA,0,22,3378.327741619322
QGA,0,23,3363.910350692141
QGA,0,24,3363.910350692141
QGA,0,25,3363.910350692141
QGA,0,26,3363.910350692141
QGA,0,27,3363.910350692141
QGA,0,28,3363.910350692141
QGA,0,29,3363.910350692141
QGA,0,30,3363.910350692141
QGA,0,31,3358.5934221833418
QGA,0,32,3358.5934221833418
QGA,0,33,3358.5934221833418
QGA,0,34,3358.5934221833418
QGA,0,35,3357.596228025384
QGA,0,36,3356.051154606099
QGA,0,37,3356.051154606099
QGA,0,38,3356.051154606099
QGA,0,39,3356.051154606099
QGA,0,40,3356.051154606099
QGA,0,41,3356.051154606099
QGA,0,42,3356.051154606099
QGA,0,43,3356.051154606099
QGA,0,44,3356.051154606099
QGA,0,45,3356.051154606099
QGA,0,46,3355.486492126345
QGA,0,47,3354.7804437775494
QGA,0,48,3354.7804437775494
QGA,0,49,3353.1960761396904
QGA,1,0,3962.550734238589
QGA,1,1,3962.550734238589
QGA,1,2,3589.932787683071
QGA,1,3,3589.932787683071
QGA,1,4,3589.932787683071
QGA,1,5,3589.932787683071
QGA,1,6,3589.932787683071
QGA,1,7,3589.932787683071
QGA,1,8,3589.932787683071
QGA,1,9,3589.932787683071
QGA,1,10,3589.932787683071
QGA,1,11,3589.932787683071
QGA,1,12,3589.932787683071
QGA,1,13,3589.932787683071
QGA,1,14,3471.7515536259366
QGA,1,15,3471.7515536259366
QGA,1,16,3471.7515536259366
QGA,1,17,3471.7515536259366
QGA,1,18,3471.7515536259366
QGA,1,19,3471.7515536259366
QGA,1,20,3460.3765272037476
QGA,1,21,3460.3765272037476
QGA,1,22,3460.3765272037476
QGA,1,23,3460.3765272037476
QGA,1,24,3460.3765272037476
QGA,1,25,3460.3765272037476
QGA,1,26,3460.3765272037476
QGA,1,27,3460.3765272037476
QGA,1,28,3459.1335740876284
QGA,1,29,3459.1335740876284
QGA,1,30,3459.1335740876284
QGA,1,31,3459.1335740876284
QGA,1,32,3459.1335740876284
QGA,1,33,3459.1335740876284
QGA,1,34,3459.1335740876284
QGA,1,35,3459.1335740876284
QGA,1,36,3459.1335740876284
QGA,1,37,3458.9873760575574
QGA,1,38,3458.9873760575574
QGA,1,39,3458.9873760575574
QGA,1,40,3458.9873760575574
QGA,1,41,3458.9873760575574
QGA,1,42,3458.9873760575574
QGA,1,43,3458.9873760575574
QGA,1,44,3458.9873760575574
QGA,1,45,3458.9873760575574
QGA,1,46,3458.6956966994144
QGA,1,47,3458.6956966994144
QGA,1,48,3458.6956966994144
QGA,1,49,3458.6956966994144
QGA,2,0,4036.885593712824
QGA,2,1,4036.885593712824
QGA,2,2,4036.885593712824
QGA,2,3,3772.3009098845387
QGA,2,4,3739.69374020921
QGA,2,5,3739.69374020921
QGA,2,6,3450.2541335327146
QGA,2,7,3450.2541335327146
QGA,2,8,3450.2541335327146
QGA,2,9,3450.2541335327146
QGA,2,10,3450.2541335327146
QGA,2,11,3450.2541335327146
QGA,2,12,3409.4202522482824
QGA,2,13,3409.4202522482824
QGA,2,14,3409.4202522482824
QGA,2,15,3409.4202522482824
QGA,2,16,3409.4202522482824
QGA,2,17,3409.4202522482824
QGA,2,18,3384.3669571535247
QGA,2,19,3384.3669571535247
QGA,2,20,3384.3669571535247
QGA,2,21,3383.512916004617
QGA,2,22,3383.512916004617
QGA,2,23,3365.0188084146216
QGA,2,24,3356.749601203327
QGA,2,25,3356.749601203327
QGA,2,26,3345.183975826644
QGA,2,27,3345.183975826644
QGA,2,28,3345.183975826644
QGA,2,29,3345.183975826644
QGA,2,30,3345.183975826644
QGA,2,31,3345.183975826644
QGA,2,32,3345.183975826644
QGA,2,33,3337.7788631081435
QGA,2,34,3337.7788631081435
QGA,2,35,3334.1091195298586
QGA,2,36,3334.1091195298586
QGA,2,37,3334.1091195298586
QGA,2,38,3334.1091195298586
QGA,2,39,3334.1091195298586
QGA,2,40,3334.1091195298586
QGA,2,41,3334.1091195298586
QGA,2,42,3334.1091195298586
QGA,2,43,3333.640769354647
QGA,2,44,3333.640769354647
QGA,2,45,3332.419246253905
QGA,2,46,3332.419246253905
QGA,2,47,3332.419246253905
QGA,2,48,3332.419246253905
QGA,2,49,3331.147300192088
QGA,3,0,3863.395383409878
QGA,3,1,3496.4267494851792
QGA,3,2,3496.4267494851792
QGA,3,3,3496.4267494851792
QGA,3,4,3496.4267494851792
QGA,3,5,3496.4267494851792
QGA,3,6,3496.4267494851792
QGA,3,7,3496.4267494851792
QGA,3,8,3496.4267494851792
QGA,3,9,3496.4267494851792
QGA,3,10,3496.4267494851792
QGA,3,11,3478.432270382563
QGA,3,12,3478.432270382563
QGA,3,13,3478.432270382563
QGA,3,14,3399.4462781377692
QGA,3,15,3399.4462781377692
QGA,3,16,3399.4462781377692
QGA,3,17,3399.4462781377692
QGA,3,18,3399.4462781377692
QGA,3,19,3399.4462781377692
QGA,3,20,3377.5523470679404
QGA,3,21,3355.507872079229
QGA,3,22,3355.507872079229
QGA,3,23,3274.9136897085286
QGA,3,24,3274.9136897085286
QGA,3,25,3274.9136897085286
QGA,3,26,3274.9136897085286
QGA,3,27,3274.9136897085286
QGA,3,28,3273.062315625484
QGA,3,29,3269.974080156473
QGA,3,30,3269.974080156473
QGA,3,31,3269.974080156473
QGA,3,32,3269.974080156473
QGA,3,33,3269.974080156473
QGA,3,34,3269.974080156473
QGA,3,35,3268.5940320074887
QGA,3,36,3265.922441990535
QGA,3,37,3265.922441990535
QGA,3,38,3265.922441990535
QGA,3,39,3265.922441990535
QGA,3,40,3265.922441990535
QGA,3,41,3265.922441990535
QGA,3,42,3265.922441990535
QGA,3,43,3265.922441990535
QGA,3,44,3265.922441990535
QGA,3,45,3265.922441990535
QGA,3,46,3265.922441990535
QGA,3,47,3265.922441990535
QGA,3,48,3265.922441990535
QGA,3,49,3265.922441990535
QGA,4,0,3687.66329688143
QGA,4,1,3633.812944820954
QGA,4,2,3633.812944820954
QGA,4,3,3633.812944820954
QGA,4,4,3633.812944820954
QGA,4,5,3633.812944820954
QGA,4,6,3387.542630823966
QGA,4,7,3387.542630823966
QGA,4,8,3387.542630823966
QGA,4,9,3387.542630823966
QGA,4,10,3387.542630823966
QGA,4,11,3387.542630823966
QGA,4,12,3384.012739521528
QGA,4,13,3300.3078937802857
QGA,4,14,3300.3078937802857
QGA,4,15,3300.3078937802857
QGA,4,16,3300.3078937802857
QGA,4,17,3267.5015653841456
QGA,4,18,3267.5015653841456
QGA,4,19,3267.5015653841456
QGA,4,20,3267.5015653841456
QGA,4,21,3267.5015653841456
QGA,4,22,3267.5015653841456
QGA,4,23,3262.241511604472
QGA,4,24,3262.241511604472
QGA,4,25,3262.241511604472
QGA,4,26,3259.680421368663
QGA,4,27,3259.680421368663
QGA,4,28,3259.680421368663
QGA,4,29,3256.1091697835295
QGA,4,30,3256.1091697835295
QGA,4,31,3196.6581882083683
QGA,4,32,3196.6581882083683
QGA,4,33,3196.6581882083683
QGA,4,34,3196.6581882083683
QGA,4,35,3196.6581882083683
QGA,4,36,3196.6581882083683
QGA,4,37,3196.559222601543
QGA,4,38,3196.559222601543
QGA,4,39,3196.559222601543
QGA,4,40,3196.559222601543
QGA,4,41,3196.559222601543
QGA,4,42,3196.559222601543
QGA,4,43,3196.559222601543
QGA,4,44,3193.0789124593525
QGA,4,45,3193.0789124593525
QGA,4,46,3193.0789124593525
QGA,4,47,3193.0789124593525
QGA,4,48,3193.0789124593525
QGA,4,49,3193.0789124593525
QGA,5,0,4079.705134107395
QGA,5,1,3560.3936938677007
QGA,5,2,3560.3936938677007
QGA,5,3,3560.3936938677007
QGA,5,4,3560.3936938677007
QGA,5,5,3560.3936938677007
QGA,5,6,3560.3936938677007
QGA,5,7,3560.3936938677007
QGA,5,8,3560.3936938677007
QGA,5,9,3560.3936938677007
QGA,5,10,3560.3936938677007
QGA,5,11,3560.3936938677007
QGA,5,12,3560.3936938677007
QGA,5,13,3560.3936938677007
QGA,5,14,3560.3936938677007
QGA,5,15,3538.7453754111634
QGA,5,16,3436.701796148799
QGA,5,17,3436.701796148799
QGA,5,18,3417.1496733922763
QGA,5,19,3417.1496733922763
QGA,5,20,3364.1140159129145
QGA,5,21,3364.1140159129145
QGA,5,22,3364.1140159129145
QGA,5,23,3364.1140159129145
QGA,5,24,3364.1140159129145
QGA,5,25,3352.3374003106173
QGA,5,26,3352.3374003106173
QGA,5,27,3352.3374003106173
QGA,5,28,3352.3374003106173
QGA,5,29,3352.3374003106173
QGA,5,30,3352.3374003106173
QGA,5,31,3347.4917474806743
QGA,5,32,3347.4917474806743
QGA,5,33,3344.6471817645047
QGA,5,34,3335.532116348738
QGA,5,35,3335.532116348738
QGA,5,36,3335.532116348738
QGA,5,37,3335.532116348738
QGA,5,38,3335.532116348738
QGA,5,39,3332.843718632556
QGA,5,40,3332.843718632556
QGA,5,41,3332.843718632556
QGA,5,42,3330.7968826525675
QGA,5,43,3330.7968826525675
QGA,5,44,3330.7968826525675
QGA,5,45,3330.7968826525675
QGA,5,46,3330.7968826525675
QGA,5,47,3328.5280915565695
QGA,5,48,3328.5280915565695
QGA,5,49,3327.364673227975
QGA,6,0,3885.4436969648636
QGA,6,1,3386.2190771168744
QGA,6,2,3386.2190771168744
QGA,6,3,3386.2190771168744
QGA,6,4,3386.2190771168744
QGA,6,5,3386.2190771168744
QGA,6,6,3386.2190771168744
QGA,6,7,3386.2190771168744
QGA,6,8,3386.2190771168744
QGA,6,9,3386.2190771168744
QGA,6,10,3386.2190771168744
QGA,6,11,3386.2190771168744
QGA,6,12,3386.2190771168744
QGA,6,13,3386.2190771168744
QGA,6,14,3386.2190771168744
QGA,6,15,3386.2190771168744
QGA,6,16,3386.2190771168744
QGA,6,17,3371.9426575412995
QGA,6,18,3371.9426575412995
QGA,6,19,3371.9426575412995
QGA,6,20,3371.9426575412995
QGA,6,21,3371.9426575412995
QGA,6,22,3314.754540263787
QGA,6,23,3314.754540263787
QGA,6,24,3314.754540263787
QGA,6,25,3314.754540263787
QGA,6,26,3314.754540263787
QGA,6,27,3306.709661330114
QGA,6,28,3306.709661330114
QGA,6,29,3306.709661330114
QGA,6,30,3306.709661330114
QGA,6,31,3306.709661330114
QGA,6,32,3306.709661330114
QGA,6,33,3306.709661330114
QGA,6,34,3306.709661330114
QGA,6,35,3306.709661330114
QGA,6,36,3306.709661330114
QGA,6,37,3306.709661330114
QGA,6,38,3306.709661330114
QGA,6,39,3306.709661330114
QGA,6,40,3305.0064940243888
QGA,6,41,3305.0064940243888
QGA,6,42,3303.9654604182197
QGA,6,43,3303.9654604182197
QGA,6,44,3303.9654604182197
QGA,6,45,3303.9654604182197
QGA,6,46,3303.9654604182197
QGA,6,47,3303.9654604182197
QGA,6,48,3303.9654604182197
QGA,6,49,3303.9654604182197
QGA,7,0,3500.136374903479
QGA,7,1,3452.7839542833567
QGA,7,2,3237.8602923470685
QGA,7,3,3237.8602923470685
QGA,7,4,3237.8602923470685
QGA,7,5,3237.8602923470685
QGA,7,6,3237.8602923470685
QGA,7,7,3237.8602923470685
QGA,7,8,3237.8602923470685
QGA,7,9,3237.8602923470685
QGA,7,10,3237.8049791199496
QGA,7,11,3237.8049791199496
QGA,7,12,3237.8049791199496
QGA,7,13,3237.8049791199496
QGA,7,14,3237.8049791199496
QGA,7,15,3237.8049791199496
QGA,7,16,3237.8049791199496
QGA,7,17,3237.8049791199496
QGA,7,18,3237.8049791199496
QGA,7,19,3237.8049791199496
QGA,7,20,3237.8049791199496
QGA,7,21,3237.8049791199496
QGA,7,22,3237.8049791199496
QGA,7,23,3237.8049791199496
QGA,7,24,3237.8049791199496
QGA,7,25,3235.6018179525167
QGA,7,26,3235.6018179525167
QGA,7,27,3232.390694343702
QGA,7,28,3228.9629146327297
QGA,7,29,3228.9629146327297
QGA,7,30,3228.9629146327297
QGA,7,31,3227.841942736842
QGA,7,32,3227.841942736842
QGA,7,33,3227.841942736842
QGA,7,34,3227.841942736842
QGA,7,35,3227.841942736842
QGA,7,36,3224.5396225676313
QGA,7,37,3224.5396225676313
QGA,7,38,3224.5396225676313
QGA,7,39,3224.5396225676313
QGA,7,40,3224.5396225676313
QGA,7,41,3224.5396225676313
QGA,7,42,3223.052814170516
QGA,7,43,3223.052814170516
QGA,7,44,3223.052814170516
QGA,7,45,3222.2962031484753
QGA,7,46,3222.2962031484753
QGA,7,47,3222.2962031484753
QGA,7,48,3222.2962031484753
QGA,7,49,3222.2962031484753
QGA,8,0,4141.965706764535
QGA,8,1,3602.3254947402384
QGA,8,2,3602.3254947402384
QGA,8,3,3602.3254947402384
QGA,8,4,3602.3254947402384
QGA,8,5,3602.3254947402384
QGA,8,6,3602.3254947402384
QGA,8,7,3602.3254947402384
QGA,8,8,3602.3254947402384
QGA,8,9,3602.3254947402384
QGA,8,10,3602.3254947402384
QGA,8,11,3602.3254947402384
QGA,8,12,3602.3254947402384
QGA,8,13,3406.5752513903913
QGA,8,14,3406.5752513903913
QGA,8,15,3406.5752513903913
QGA,8,16,3406.5752513903913
QGA,8,17,3406.5752513903913
QGA,8,18,3406.5752513903913
QGA,8,19,3406.5752513903913
QGA,8,20,3398.938815616253
QGA,8,21,3398.938815616253
QGA,8,22,3397.307938724254
QGA,8,23,3397.307938724254
QGA,8,24,3397.307938724254
QGA,8,25,3397.307938724254
QGA,8,26,3397.307938724254
QGA,8,27,3397.307938724254
QGA,8,28,3397.307938724254
QGA,8,29,3397.307938724254
QGA,8,30,3397.307938724254
QGA,8,31,3397.307938724254
QGA,8,32,3397.307938724254
QGA,8,33,3397.307938724254
QGA,8,34,3397.307938724254
QGA,8,35,3397.307938724254
QGA,8,36,3397.307938724254
QGA,8,37,3394.18037919379
QGA,8,38,3394.18037919379
QGA,8,39,3394.18037919379
QGA,8,40,3394.18037919379
QGA,8,41,3394.18037919379
QGA,8,42,3394.18037919379
QGA,8,43,3370.1935544069
QGA,8,44,3370.1935544069
QGA,8,45,3364.1286196860874
QGA,8,46,3364.1286196860874
QGA,8,47,3359.534734326452
QGA,8,48,3359.534734326452
QGA,8,49,3359.534734326452
QGA,9,0,3915.9935720144304
QGA,9,1,3915.9935720144304
QGA,9,2,3915.9935720144304
QGA,9,3,3915.9935720144304
QGA,9,4,3664.3431926029584
QGA,9,5,3664.3431926029584
QGA,9,6,3664.3431926029584
QGA,9,7,3664.3431926029584
QGA,9,8,3664.3431926029584
QGA,9,9,3448.915379036615
QGA,9,10,3448.915379036615
QGA,9,11,3448.915379036615
QGA,9,12,3448.915379036615
QGA,9,13,3448.915379036615
QGA,9,14,3448.915379036615
QGA,9,15,3448.915379036615
QGA,9,16,3439.869581871463
QGA,9,17,3439.869581871463
QGA,9,18,3439.869581871463
QGA,9,19,3350.131368634581
QGA,9,20,3350.131368634581
QGA,9,21,3350.131368634581
QGA,9,22,3350.131368634581
QGA,9,23,3350.131368634581
QGA,9,24,3343.7715419980123
QGA,9,25,3343.7715419980123
QGA,9,26,3343.7715419980123
QGA,9,27,3343.7715419980123
QGA,9,28,3343.7715419980123
QGA,9,29,3339.9608159042727
QGA,9,30,3339.9608159042727
QGA,9,31,3339.9608159042727
QGA,9,32,3339.9608159042727
QGA,9,33,3339.9608159042727
QGA,9,34,3339.9608159042727
QGA,9,35,3339.9608159042727
QGA,9,36,3339.9608159042727
QGA,9,37,3339.9608159042727
QGA,9,38,3339.275951203506
QGA,9,39,3338.2271395724783
QGA,9,40,3338.2271395724783
QGA,9,41,3337.102156244114
QGA,9,42,3337.102156244114
QGA,9,43,3337.102156244114
QGA,9,44,3337.102156244114
QGA,9,45,3337.102156244114
QGA,9,46,3337.102156244114
QGA,9,47,3337.102156244114
QGA,9,48,3337.102156244114
QGA,9,49,3337.102156244114
Q2GA,0,0,3712.3186768971154
Q2GA,0,1,3530.70345326398
Q2GA,0,2,3521.328370595039
Q2GA,0,3,3439.8696291633423
Q2GA,0,4,3439.8696291633423
Q2GA,0,5,3439.8696291633423
Q2GA,0,6,3439.8696291633423
Q2GA,0,7,3411.9347621929105
Q2GA,0,8,3411.9347621929105
Q2GA,0,9,3411.9347621929105
Q2GA,0,10,3411.9347621929105
Q2GA,0,11,3411.9347621929105
Q2GA,0,12,3411.9347621929105
Q2GA,0,13,3411.9347621929105
Q2GA,0,14,3404.9353500168895
Q2GA,0,15,3369.538780918792
Q2GA,0,16,3369.538780918792
Q2GA,0,17,3367.6075859298235
Q2GA,0,18,3367.6075859298235
Q2GA,0,19,3367.6075859298235
Q2GA,0,20,3365.0797969627697
Q2GA,0,21,3365.0797969627697
Q2GA,0,22,3365.0797969627697
Q2GA,0,23,3365.0797969627697
Q2GA,0,24,3365.0797969627697
Q2GA,0,25,3365.0797969627697
Q2GA,0,26,3360.564759965018
Q2GA,0,27,3360.564759965018
Q2GA,0,28,3355.3191728986662
Q2GA,0,29,3355.3191728986662
Q2GA,0,30,3355.3191728986662
Q2GA,0,31,3355.3191728986662
Q2GA,0,32,3355.3191728986662
Q2GA,0,33,3355.3191728986662
Q2GA,0,34,3355.3191728986662
Q2GA,0,35,3355.3191728986662
Q2GA,0,36,3355.3191728986662
Q2GA,0,37,3341.045248358762
Q2GA,0,38,3341.045248358762
Q2GA,0,39,3341.045248358762
Q2GA,0,40,3341.045248358762
Q2GA,0,41,3341.045248358762
Q2GA,0,42,3341.045248358762
Q2GA,0,43,3341.045248358762
Q2GA,0,44,3336.200174380288
Q2GA,0,45,3336.200174380288
Q2GA,0,46,3336.200174380288
Q2GA,0,47,3336.200174380288
Q2GA,0,48,3336.200174380288
Q2GA,0,49,3336.200174380288
Q2GA,1,0,3962.550734238589
Q2GA,1,1,3872.3929342000774
Q2GA,1,2,3872.3929342000774
Q2GA,1,3,3872.3929342000774
Q2GA,1,4,3595.280525318292
Q2GA,1,5,3595.280525318292
Q2GA,1,6,3363.8352830228096
Q2GA,1,7,3363.8352830228096
Q2GA,1,8,3285.277527108614
Q2GA,1,9,3285.277527108614
Q2GA,1,10,3285.277527108614
Q2GA,1,11,3285.277527108614
Q2GA,1,12,3285.277527108614
Q2GA,1,13,3275.1784957126397
Q2GA,1,14,3275.1784957126397
Q2GA,1,15,3275.1784957126397
Q2GA,1,16,3273.350231488417
Q2GA,1,17,3273.350231488417
Q2GA,1,18,3273.350231488417
Q2GA,1,19,3273.350231488417
Q2GA,1,20,3269.9375649485646
Q2GA,1,21,3269.9375649485646
Q2GA,1,22,3269.9375649485646
Q2GA,1,23,3269.9375649485646
Q2GA,1,24,3269.9375649485646
Q2GA,1,25,3269.9375649485646
Q2GA,1,26,3269.9375649485646
Q2GA,1,27,3269.9375649485646
Q2GA,1,28,3269.9375649485646
Q2GA,1,29,3209.176900887262
Q2GA,1,30,3209.176900887262
Q2GA,1,31,3209.176900887262
Q2GA,1,32,3209.176900887262
Q2GA,1,33,3209.176900887262
Q2GA,1,34,3209.176900887262
Q2GA,1,35,3207.5512774849344
Q2GA,1,36,3206.824810364958
Q2GA,1,37,3206.824810364958
Q2GA,1,38,3206.824810364958
Q2GA,1,39,3206.824810364958
Q2GA,1,40,3206.56971059393
Q2GA,1,41,3206.56971059393
Q2GA,1,42,3206.56971059393
Q2GA,1,43,3206.234301722088
Q2GA,1,44,3206.234301722088
Q2GA,1,45,3203.5812526978652
Q2GA,1,46,3203.5812526978652
Q2GA,1,47,3203.5812526978652
Q2GA,1,48,3203.5812526978652
Q2GA,1,49,3203.5812526978652
Q2GA,2,0,4036.885593712824
Q2GA,2,1,3386.711953190565
Q2GA,2,2,3386.711953190565
Q2GA,2,3,3360.362368787317
Q2GA,2,4,3360.362368787317
Q2GA,2,5,3360.362368787317
Q2GA,2,6,3360.362368787317
Q2GA,2,7,3360.362368787317
Q2GA,2,8,3343.3747042737514
Q2GA,2,9,3343.3747042737514
Q2GA,2,10,3302.4465521175175
Q2GA,2,11,3302.4465521175175
Q2GA,2,12,3302.4465521175175
Q2GA,2,13,3302.4465521175175
Q2GA,2,14,3302.4465521175175
Q2GA,2,15,3297.5358947345603
Q2GA,2,16,3297.5358947345603
Q2GA,2,17,3297.5358947345603
Q2GA,2,18,3297.5358947345603
Q2GA,2,19,3203.126712949524
Q2GA,2,20,3203.126712949524
Q2GA,2,21,3203.126712949524
Q2GA,2,22,3203.126712949524
Q2GA,2,23,3203.126712949524
Q2GA,2,24,3203.126712949524
Q2GA,2,25,3203.126712949524
Q2GA,2,26,3203.126712949524
Q2GA,2,27,3203.126712949524
Q2GA,2,28,3203.126712949524
Q2GA,2,29,3203.126712949524
Q2GA,2,30,3203.126712949524
Q2GA,2,31,3199.245068593132
Q2GA,2,32,3199.245068593132
Q2GA,2,33,3199.245068593132
Q2GA,2,34,3199.245068593132
Q2GA,2,35,3199.245068593132
Q2GA,2,36,3199.245068593132
Q2GA,2,37,3199.245068593132
Q2GA,2,38,3198.4595297857154
Q2GA,2,39,3198.4595297857154
Q2GA,2,40,3198.4595297857154
Q2GA,2,41,3198.4595297857154
Q2GA,2,42,3198.4595297857154
Q2GA,2,43,3198.4595297857154
Q2GA,2,44,3198.4595297857154
Q2GA,2,45,3198.4595297857154
Q2GA,2,46,3197.116308049058
Q2GA,2,47,3197.116308049058
Q2GA,2,48,3197.116308049058
Q2GA,2,49,3197.116308049058
Q2GA,3,0,3645.821510142305
Q2GA,3,1,3541.7234183444743
Q2GA,3,2,3541.7234183444743
Q2GA,3,3,3541.7234183444743
Q2GA,3,4,3483.5689802637103
Q2GA,3,5,3483.5689802637103
Q2GA,3,6,3483.5689802637103
Q2GA,3,7,3483.5689802637103
Q2GA,3,8,3479.3321712399625
Q2GA,3,9,3479.3321712399625
Q2GA,3,10,3462.539174722854
Q2GA,3,11,3460.0515546906236
Q2GA,3,12,3460.0515546906236
Q2GA,3,13,3460.0515546906236
Q2GA,3,14,3317.5101063371644
Q2GA,3,15,3317.5101063371644
Q2GA,3,16,3317.5101063371644
Q2GA,3,17,3269.1232535519166
Q2GA,3,18,3248.4073652791085
Q2GA,3,19,3241.260432793561
Q2GA,3,20,3241.260432793561
Q2GA,3,21,3241.260432793561
Q2GA,3,22,3229.7497674521283
Q2GA,3,23,3210.323784693774
Q2GA,3,24,3210.323784693774
Q2GA,3,25,3210.323784693774
Q2GA,3,26,3206.6314421189413
Q2GA,3,27,3206.6314421189413
Q2GA,3,28,3206.6314421189413
Q2GA,3,29,3206.6314421189413
Q2GA,3,30,3206.6314421189413
Q2GA,3,31,3206.6314421189413
Q2GA,3,32,3206.6314421189413
Q2GA,3,33,3206.6314421189413
Q2GA,3,34,3206.6314421189413
Q2GA,3,35,3206.6314421189413
Q2GA,3,36,3206.6314421189413
Q2GA,3,37,3206.6314421189413
Q2GA,3,38,3206.4985403452306
Q2GA,3,39,3206.4985403452306
Q2GA,3,40,3206.4985403452306
Q2GA,3,41,3206.4985403452306
Q2GA,3,42,3206.4985403452306
Q2GA,3,43,3206.4985403452306
Q2GA,3,44,3206.4985403452306
Q2GA,3,45,3205.938467789089
Q2GA,3,46,3205.938467789089
Q2GA,3,47,3202.591381571679
Q2GA,3,48,3202.0634040177206
Q2GA,3,49,3202.0634040177206
Q2GA,4,0,3687.66329688143
Q2GA,4,1,3687.66329688143
Q2GA,4,2,3561.1196186889115
Q2GA,4,3,3561.1196186889115
Q2GA,4,4,3437.60608616879
Q2GA,4,5,3437.60608616879
Q2GA,4,6,3398.499318539655
Q2GA,4,7,3398.499318539655
Q2GA,4,8,3398.499318539655
Q2GA,4,9,3398.499318539655
Q2GA,4,10,3398.499318539655
Q2GA,4,11,3265.208632778801
Q2GA,4,12,3265.208632778801
Q2GA,4,13,3250.059008166062
Q2GA,4,14,3245.5904652684894
Q2GA,4,15,3228.099683426913
Q2GA,4,16,3228.099683426913
Q2GA,4,17,3228.099683426913
Q2GA,4,18,3228.099683426913
Q2GA,4,19,3228.099683426913
Q2GA,4,20,3228.099683426913
Q2GA,4,21,3228.099683426913
Q2GA,4,22,3227.584769325849
Q2GA,4,23,3227.584769325849
Q2GA,4,24,3227.584769325849
Q2GA,4,25,3227.584769325849
Q2GA,4,26,3220.6596515812416
Q2GA,4,27,3220.6596515812416
Q2GA,4,28,3220.6596515812416
Q2GA,4,29,3220.6596515812416
Q2GA,4,30,3220.6596515812416
Q2GA,4,31,3220.6596515812416
Q2GA,4,32,3220.6596515812416
Q2GA,4,33,3219.518757721164
Q2GA,4,34,3219.518757721164
Q2GA,4,35,3219.518757721164
Q2GA,4,36,3219.518757721164
Q2GA,4,37,3219.518757721164
Q2GA,4,38,3219.518757721164
Q2GA,4,39,3219.518757721164
Q2GA,4,40,3219.518757721164
Q2GA,4,41,3219.518757721164
Q2GA,4,42,3219.518757721164
Q2GA,4,43,3219.518757721164
Q2GA,4,44,3219.518757721164
Q2GA,4,45,3219.518757721164
Q2GA,4,46,3219.518757721164
Q2GA,4,47,3219.518757721164
Q2GA,4,48,3219.518757721164
Q2GA,4,49,3214.5942326634404
Q2GA,5,0,3535.5866028112614
Q2GA,5,1,3454.878058434154
Q2GA,5,2,3454.878058434154
Q2GA,5,3,3454.878058434154
Q2GA,5,4,3454.878058434154
Q2GA,5,5,3454.878058434154
Q2GA,5,6,3454.878058434154
Q2GA,5,7,3454.878058434154
Q2GA,5,8,3454.878058434154
Q2GA,5,9,3454.878058434154
Q2GA,5,10,3417.127428636555
Q2GA,5,11,3375.333869252461
Q2GA,5,12,3330.3444204557472
Q2GA,5,13,3297.7241289891836
Q2GA,5,14,3297.7241289891836
Q2GA,5,15,3297.7241289891836
Q2GA,5,16,3297.7241289891836
Q2GA,5,17,3297.7241289891836
Q2GA,5,18,3297.7241289891836
Q2GA,5,19,3297.7241289891836
Q2GA,5,20,3291.691812277542
Q2GA,5,21,3271.264878552147
Q2GA,5,22,3271.264878552147
Q2GA,5,23,3271.264878552147
Q2GA,5,24,3271.264878552147
Q2GA,5,25,3221.5248253114137
Q2GA,5,26,3221.5248253114137
Q2GA,5,27,3221.5248253114137
Q2GA,5,28,3211.7964614736056
Q2GA,5,29,3211.7964614736056
Q2GA,5,30,3211.7964614736056
Q2GA,5,31,3202.0498720493033
Q2GA,5,32,3202.0498720493033
Q2GA,5,33,3201.389158679347
Q2GA,5,34,3201.389158679347
Q2GA,5,35,3201.389158679347
Q2GA,5,36,3199.406902186241
Q2GA,5,37,3199.406902186241
Q2GA,5,38,3199.406902186241
Q2GA,5,39,3199.406902186241
Q2GA,5,40,3199.406902186241
Q2GA,5,41,3199.406902186241
Q2GA,5,42,3199.406902186241
Q2GA,5,43,3199.406902186241
Q2GA,5,44,3199.406902186241
Q2GA,5,45,3199.406902186241
Q2GA,5,46,3199.1069440366236
Q2GA,5,47,3199.1069440366236
Q2GA,5,48,3199.1069440366236
Q2GA,5,49,3199.1069440366236
Q2GA,6,0,3885.4436969648636
Q2GA,6,1,3668.5531028848845
Q2GA,6,2,3667.8190400373524
Q2GA,6,3,3667.8190400373524
Q2GA,6,4,3270.7168133445466
Q2GA,6,5,3270.7168133445466
Q2GA,6,6,3270.7168133445466
Q2GA,6,7,3270.7168133445466
Q2GA,6,8,3270.7168133445466
Q2GA,6,9,3270.7168133445466
Q2GA,6,10,3270.7168133445466
Q2GA,6,11,3270.7168133445466
Q2GA,6,12,3270.7168133445466
Q2GA,6,13,3270.7168133445466
Q2GA,6,14,3267.6334635450175
Q2GA,6,15,3267.6334635450175
Q2GA,6,16,3267.6334635450175
Q2GA,6,17,3228.854759243188
Q2GA,6,18,3228.854759243188
Q2GA,6,19,3211.465500440333
Q2GA,6,20,3202.7684975666452
Q2GA,6,21,3197.1390991619373
Q2GA,6,22,3197.1390991619373
Q2GA,6,23,3194.5740382050008
Q2GA,6,24,3194.5740382050008
Q2GA,6,25,3194.5740382050008
Q2GA,6,26,3194.5740382050008
Q2GA,6,27,3193.696341870129
Q2GA,6,28,3193.696341870129
Q2GA,6,29,3193.696341870129
Q2GA,6,30,3193.696341870129
Q2GA,6,31,3193.696341870129
Q2GA,6,32,3193.696341870129
Q2GA,6,33,3193.696341870129
Q2GA,6,34,3193.696341870129
Q2GA,6,35,3192.5934884200624
Q2GA,6,36,3192.5934884200624
Q2GA,6,37,3192.5934884200624
Q2GA,6,38,3192.5934884200624
Q2GA,6,39,3192.5934884200624
Q2GA,6,40,3192.5934884200624
Q2GA,6,41,3192.5934884200624
Q2GA,6,42,3190.254126089693
Q2GA,6,43,3190.254126089693
Q2GA,6,44,3190.254126089693
Q2GA,6,45,3190.254126089693
Q2GA,6,46,3190.254126089693
Q2GA,6,47,3187.3181514803628
Q2GA,6,48,3187.3181514803628
Q2GA,6,49,3187.3181514803628
Q2GA,7,0,3500.136374903479
Q2GA,7,1,3500.136374903479
Q2GA,7,2,3500.136374903479
Q2GA,7,3,3394.567078049818
Q2GA,7,4,3386.832166746859
Q2GA,7,5,3386.832166746859
Q2GA,7,6,3283.616664880061
Q2GA,7,7,3283.616664880061
Q2GA,7,8,3283.616664880061
Q2GA,7,9,3283.616664880061
Q2GA,7,10,3283.616664880061
Q2GA,7,11,3283.616664880061
Q2GA,7,12,3283.616664880061
Q2GA,7,13,3283.616664880061
Q2GA,7,14,3283.616664880061
Q2GA,7,15,3283.616664880061
Q2GA,7,16,3283.616664880061
Q2GA,7,17,3280.0783582582144
Q2GA,7,18,3280.0783582582144
Q2GA,7,19,3247.8650363331144
Q2GA,7,20,3247.8650363331144
Q2GA,7,21,3247.8650363331144
Q2GA,7,22,3243.4914411392674
Q2GA,7,23,3243.4914411392674
Q2GA,7,24,3243.4914411392674
Q2GA,7,25,3243.4744379172384
Q2GA,7,26,3243.4744379172384
Q2GA,7,27,3242.1397147108096
Q2GA,7,28,3241.039446416059
Q2GA,7,29,3241.039446416059
Q2GA,7,30,3241.039446416059
Q2GA,7,31,3241.039446416059
Q2GA,7,32,3241.039446416059
Q2GA,7,33,3241.039446416059
Q2GA,7,34,3241.039446416059
Q2GA,7,35,3241.039446416059
Q2GA,7,36,3241.039446416059
Q2GA,7,37,3241.039446416059
Q2GA,7,38,3241.039446416059
Q2GA,7,39,3241.039446416059
Q2GA,7,40,3241.039446416059
Q2GA,7,41,3204.3723352867505
Q2GA,7,42,3204.3723352867505
Q2GA,7,43,3204.3723352867505
Q2GA,7,44,3204.3723352867505
Q2GA,7,45,3204.3723352867505
Q2GA,7,46,3204.3723352867505
Q2GA,7,47,3204.3723352867505
Q2GA,7,48,3204.3723352867505
Q2GA,7,49,3204.3723352867505
Q2GA,8,0,3644.2335662095643
Q2GA,8,1,3412.3435142357016
Q2GA,8,2,3412.3435142357016
Q2GA,8,3,3412.3435142357016
Q2GA,8,4,3412.3435142357016
Q2GA,8,5,3412.3435142357016
Q2GA,8,6,3412.3435142357016
Q2GA,8,7,3412.3435142357016
Q2GA,8,8,3412.3435142357016
Q2GA,8,9,3408.8145952525947
Q2GA,8,10,3355.8545100026736
Q2GA,8,11,3355.8545100026736
Q2GA,8,12,3334.755609712289
Q2GA,8,13,3334.755609712289
Q2GA,8,14,3334.755609712289
Q2GA,8,15,3334.755609712289
Q2GA,8,16,3334.755609712289
Q2GA,8,17,3334.755609712289
Q2GA,8,18,3329.0513312723533
Q2GA,8,19,3329.0513312723533
Q2GA,8,20,3329.0513312723533
Q2GA,8,21,3329.0513312723533
Q2GA,8,22,3328.554724667627
Q2GA,8,23,3328.554724667627
Q2GA,8,24,3328.554724667627
Q2GA,8,25,3328.554724667627
Q2GA,8,26,3328.554724667627
Q2GA,8,27,3328.554724667627
Q2GA,8,28,3328.554724667627
Q2GA,8,29,3327.8059244333767
Q2GA,8,30,3327.8059244333767
Q2GA,8,31,3327.8059244333767
Q2GA,8,32,3327.8059244333767
Q2GA,8,33,3327.8059244333767
Q2GA,8,34,3327.8059244333767
Q2GA,8,35,3327.8059244333767
Q2GA,8,36,3327.8059244333767
Q2GA,8,37,3327.8059244333767
Q2GA,8,38,3327.8059244333767
Q2GA,8,39,3327.8059244333767
Q2GA,8,40,3327.8059244333767
Q2GA,8,41,3327.8059244333767
Q2GA,8,42,3327.8059244333767
Q2GA,8,43,3327.8059244333767
Q2GA,8,44,3327.8059244333767
Q2GA,8,45,3327.8059244333767
Q2GA,8,46,3327.8059244333767
Q2GA,8,47,3327.8059244333767
Q2GA,8,48,3327.8059244333767
Q2GA,8,49,3327.8059244333767
Q2GA,9,0,3915.9935720144304
Q2GA,9,1,3819.8888891513734
Q2GA,9,2,3819.8888891513734
Q2GA,9,3,3480.0068603584295
Q2GA,9,4,3480.0068603584295
Q2GA,9,5,3480.0068603584295
Q2GA,9,6,3480.0068603584295
Q2GA,9,7,3414.8823387507396
Q2GA,9,8,3414.8823387507396
Q2GA,9,9,3414.8823387507396
Q2GA,9,10,3412.384386621428
Q2GA,9,11,3364.229017332886
Q2GA,9,12,3364.229017332886
Q2GA,9,13,3364.229017332886
Q2GA,9,14,3363.2698951152056
Q2GA,9,15,3363.2698951152056
Q2GA,9,16,3363.2698951152056
Q2GA,9,17,3363.2698951152056
Q2GA,9,18,3363.2698951152056
Q2GA,9,19,3363.2698951152056
Q2GA,9,20,3363.2698951152056
Q2GA,9,21,3363.2698951152056
Q2GA,9,22,3357.91875447622
Q2GA,9,23,3357.91875447622
Q2GA,9,24,3355.8140552831505
Q2GA,9,25,3355.8140552831505
Q2GA,9,26,3355.8140552831505
Q2GA,9,27,3333.7061717899664
Q2GA,9,28,3333.7061717899664
Q2GA,9,29,3333.7061717899664
Q2GA,9,30,3324.676085516409
Q2GA,9,31,3318.871628166824
Q2GA,9,32,3317.623368655055
Q2GA,9,33,3317.1824604929116
Q2GA,9,34,3317.1824604929116
Q2GA,9,35,3314.456464401035
Q2GA,9,36,3314.456464401035
Q2GA,9,37,3314.456464401035
Q2GA,9,38,3314.456464401035
Q2GA,9,39,3314.456464401035
Q2GA,9,40,3314.456464401035
Q2GA,9,41,3310.046307220744
Q2GA,9,42,3310.046307220744
Q2GA,9,43,3310.046307220744
Q2GA,9,44,3310.046307220744
Q2GA,9,45,3303.9491526939996
Q2GA,9,46,3303.9491526939996
Q2GA,9,47,3303.9491526939996
Q2GA,9,48,3301.915496443238
Q2GA,9,49,3301.915496443238
